Date,Open,High,Low,Close,Adj Close,Volume
11-12-2020,146.550003,151.5,135.100006,139.25,139.25,26980800
14-12-2020,135,135.300003,125.160004,130,130,16966100
15-12-2020,126.690002,127.599998,121.5,124.800003,124.800003,10914400
16-12-2020,125.830002,142,124.910004,137.990005,137.990005,20409600
17-12-2020,143,152.449997,142.669998,147.050003,147.050003,15054700
18-12-2020,150.449997,159,150.300003,157.300003,157.300003,15954200
21-12-2020,155.309998,172,145.110001,163.020004,163.020004,17788100
22-12-2020,170,174.970001,161.050003,163.190002,163.190002,9872600
23-12-2020,162.813995,168.25,155.5,158.009995,158.009995,5852500
24-12-2020,159.160004,162.789993,154.112,154.839996,154.839996,3621400
28-12-2020,158.600006,163.639999,147.520004,149,149,6229200
29-12-2020,150,151.651001,143.119995,150,150,5402300
30-12-2020,151.339996,152.813004,145.600006,148.429993,148.429993,3462400
31-12-2020,146.899994,147.889999,144.509995,146.800003,146.800003,2795800
04-01-2021,150.990005,151.005005,137,139.149994,139.149994,6409900
05-01-2021,138.279999,149,137.25,148.300003,148.300003,5974200
06-01-2021,145.75,148.350006,141.110001,142.770004,142.770004,4213900
07-01-2021,146.369995,154.419998,145.261002,151.270004,151.270004,4482800
08-01-2021,153.449997,155.539993,147.25,149.770004,149.770004,4615600
11-01-2021,147.990005,150.5,144.020004,148.130005,148.130005,2801900
12-01-2021,148.080002,163.880005,143.610001,160.800003,160.800003,8123600
13-01-2021,160.809998,178.619995,159.350006,169.990005,169.990005,12529700
14-01-2021,175.539993,187.419998,174.975006,180.5,180.5,9926500
15-01-2021,184.580002,185.994995,164.860001,169.270004,169.270004,8575700
19-01-2021,173,178.600006,166.600006,173.690002,173.690002,4685400
20-01-2021,176.009995,176.309998,161,161.830002,161.830002,8517400
21-01-2021,164.990005,183.470001,155.330002,180.399994,180.399994,17618400
22-01-2021,178.089996,185.307007,175.190002,181.869995,181.869995,7136800
25-01-2021,186.050003,192.470001,170.029999,177.529999,177.529999,7472900
26-01-2021,180,193,177.300003,192.740005,192.740005,6460900
27-01-2021,187.639999,216,185.5,201.25,201.25,11019800
28-01-2021,202.600006,212.839996,187.050003,187.369995,187.369995,7077700
29-01-2021,190.710007,193.5,179.309998,183.630005,183.630005,4529800
01-02-2021,187.479996,188.820007,179.740005,180.440002,180.440002,3877400
02-02-2021,183.220001,186.479004,177.110001,179.169998,179.169998,4413600
03-02-2021,181.979996,190.899994,180,185.720001,185.720001,4169000
04-02-2021,187.070007,195.990005,186.190002,195.800003,195.800003,3631500
05-02-2021,197,197.25,190.25,195.309998,195.309998,2869700
08-02-2021,199.929993,201.960007,191.5,200.429993,200.429993,3488100
09-02-2021,199.203003,209.220001,196.160004,199.880005,199.880005,4725800
10-02-2021,205.479996,214.716003,202.097,211.660004,211.660004,5257200
11-02-2021,213.5,219.940002,207,216.839996,216.839996,3595200
12-02-2021,214.457993,216.940002,209,212.679993,212.679993,3041700
16-02-2021,216.240005,218.779999,209.089996,209.860001,209.860001,3487900
17-02-2021,207.050003,208.764999,196.020004,201.960007,201.960007,4090600
18-02-2021,199.009995,200.360001,192.169998,198.039993,198.039993,2791400
19-02-2021,203.949997,205.550003,200.179993,201.070007,201.070007,2605800
22-02-2021,200.699997,205,193.5,195.339996,195.339996,3674200
23-02-2021,189,191.669998,175,187.589996,187.589996,5902400
24-02-2021,190.979996,208.145004,189,200.199997,200.199997,5983500
25-02-2021,197.410004,199.800003,180,182.059998,182.059998,11568500
26-02-2021,194.179993,214.100006,185.75,206.350006,206.350006,19368600
01-03-2021,195.820007,199.690002,192.619995,196.419998,196.419998,15798500
02-03-2021,195.630005,200,188.5,189.899994,189.899994,9144900
03-03-2021,186.970001,188.479996,178.800003,180.399994,180.399994,10592900
04-03-2021,178.639999,183.899994,170.869995,180.229996,180.229996,9993700
05-03-2021,182.520004,183.5,161.899994,179.809998,179.809998,8788500
08-03-2021,179.992004,186.399994,177.029999,180.809998,180.809998,4988500
09-03-2021,184.990005,189.460007,180.720001,183.110001,183.110001,6079900
10-03-2021,184.570007,191,181.550003,183.789993,183.789993,6145600
11-03-2021,189.899994,201,188.5,197.869995,197.869995,6031200
12-03-2021,196.270004,208.699997,192.199997,206.740005,206.740005,5556500
15-03-2021,209.537994,213.740005,203.809998,209.990005,209.990005,4329400
16-03-2021,209.110001,215.490005,198.179993,200.009995,200.009995,4605600
17-03-2021,195.630005,203.460007,194.440002,201.360001,201.360001,3781900
18-03-2021,196.800003,199.899994,190.679993,191.449997,191.449997,3711500
19-03-2021,193.009995,196.490005,187.809998,194.389999,194.389999,4444600
22-03-2021,196.850006,203.300003,194.710007,195,195,3740400
23-03-2021,195.5,196.75,185.740005,187.139999,187.139999,3460600
24-03-2021,189,189.779999,178.509995,178.850006,178.850006,3756100
25-03-2021,173.100006,179.539993,170.5,176.160004,176.160004,5264100
26-03-2021,178.416,181,168,174.399994,174.399994,3562900
29-03-2021,175.360001,185.460007,173.5,182.5,182.5,4508800
30-03-2021,182.350006,185.229996,178.380005,183.100006,183.100006,2903300
31-03-2021,185.429993,192.274994,185.130005,187.940002,187.940002,3079500
01-04-2021,192.5,193.990005,185.369995,188.240005,188.240005,2921400
05-04-2021,191.660004,192.100006,185.809998,186.690002,186.690002,2591400
06-04-2021,188.699997,194.479996,187.520004,190.029999,190.029999,3565600
07-04-2021,189.380005,190.619995,179.470001,179.940002,179.940002,6663500
08-04-2021,181.647995,183.899994,179.300003,180.179993,180.179993,2625300
09-04-2021,179.619995,182.460007,177.25,179.5,179.5,2910200
12-04-2021,179.679993,181.490005,176.25,176.490005,176.490005,2619800
13-04-2021,175.264999,178.610001,172.139999,177.949997,177.949997,3573600
14-04-2021,179.5,181.466995,175.309998,176.429993,176.429993,2938600
15-04-2021,177,178.240005,174.25,175.350006,175.350006,2894900
16-04-2021,176.011993,179.509995,172.940002,178.690002,178.690002,3058300
19-04-2021,177.320007,178.720001,171.5,174.580002,174.580002,3125700
20-04-2021,173.184006,175,165.520004,169.570007,169.570007,4575000
21-04-2021,168.089996,170.320007,164.119995,167.070007,167.070007,3878600
22-04-2021,168.490005,176.919998,168.429993,170.710007,170.710007,3856500
23-04-2021,172.919006,178.25,172,174.25,174.25,3329900
26-04-2021,175.210007,176.031006,171.070007,174.880005,174.880005,2549400
27-04-2021,176.164993,179.610001,174.800003,177.940002,177.940002,2883000
28-04-2021,174.436996,181.669998,173.350998,180,180,2409700
29-04-2021,182.75,183.220001,173.350006,177.679993,177.679993,3116000
30-04-2021,173.003998,176.449997,172.009995,172.710007,172.710007,3580000
03-05-2021,173.190002,173.440002,167.800003,168.110001,168.110001,3149700
04-05-2021,167.014999,169.039993,161.960007,168.899994,168.899994,4658000
05-05-2021,169.300003,170.179993,162.119995,162.330002,162.330002,3590100
06-05-2021,161.910004,162.104996,150.699997,153.639999,153.639999,8529000
07-05-2021,156.5,157.054001,148.779999,151.210007,151.210007,7134000
10-05-2021,150.283997,150.5,144.520004,146.729996,146.729996,5827200
11-05-2021,139.100006,144.350006,136.009995,142.729996,142.729996,8257400
12-05-2021,140.899994,144.770004,138.75,140.25,140.25,5307500
13-05-2021,142.25,142.328995,131.279999,135.75,135.75,13005400
14-05-2021,137.679993,142.25,131.669998,141.199997,141.199997,20325400
17-05-2021,137.156006,137.789993,130.253006,132.5,132.5,39755000
18-05-2021,134,138.399994,131.490005,135.020004,135.020004,18555600
19-05-2021,129.949997,138.380005,129.710007,138.190002,138.190002,15565500
20-05-2021,138.839005,138.889999,135.649994,136.199997,136.199997,8903600
21-05-2021,136.550003,137.169998,132.880005,134.710007,134.710007,10056500
24-05-2021,135.5,137.979996,134.389999,135.910004,135.910004,8543600
25-05-2021,137.399994,137.850006,133.559998,133.990005,133.990005,10435800
26-05-2021,134.940002,135.759995,133.720993,134.75,134.75,8179200
27-05-2021,135.070007,143.820007,134.5,143.169998,143.169998,21270200
28-05-2021,144.759995,145,140.25,140.399994,140.399994,12000600
01-06-2021,143.889999,146.089005,141.589996,144.309998,144.309998,16552100
02-06-2021,145.350006,152.699997,144.399994,151,151,16245100
03-06-2021,149.550003,151.119995,143.800003,144.190002,144.190002,11083300
04-06-2021,145.830002,151.570007,145,150.729996,150.729996,8534900
07-06-2021,150.960007,150.960007,146.399994,148.970001,148.970001,7780200
08-06-2021,150.600006,150.75,145.800003,147.009995,147.009995,7125800
09-06-2021,148.570007,149.360001,144.460007,144.850006,144.850006,5606500
10-06-2021,142.149994,147.449997,141.039993,146.119995,146.119995,9482500
11-06-2021,145.869995,148.949997,145.199997,148.440002,148.440002,4819900
14-06-2021,149.25,149.600006,146.850006,149.210007,149.210007,6107500
15-06-2021,149.199997,153.740005,148.839996,151.779999,151.779999,12007700
16-06-2021,150.949997,152.350006,146.919998,149.149994,149.149994,9632800
17-06-2021,148.990005,152.289993,148.612,150.699997,150.699997,8171300
18-06-2021,150.380005,154.800003,149.399994,152.520004,152.520004,11628900
21-06-2021,152.520004,152.610001,145.830002,149.699997,149.699997,8040200
22-06-2021,149.75,151.647003,148.399994,149.679993,149.679993,5790400
23-06-2021,149.759995,154.589996,147.800003,151.580002,151.580002,9335700
24-06-2021,152.669998,153.626999,149.860001,150.729996,150.729996,8173400
25-06-2021,151.229996,153.169998,149.279999,149.669998,149.669998,6452400
28-06-2021,148.615005,150.929993,147.080002,149.940002,149.940002,6451000
29-06-2021,149.75,149.940002,145.770004,146.080002,146.080002,7479000
30-06-2021,145.544998,154.089996,144.244995,153.139999,153.139999,9798600
01-07-2021,154.5,157.410004,151.410004,153.080002,153.080002,9787100
02-07-2021,153.309998,154.949997,149.559998,150.229996,150.229996,4826500
06-07-2021,150.080002,152.800003,147.809998,148.369995,148.369995,5069400
07-07-2021,148.149994,148.940002,143.600006,143.720001,143.720001,5650900
08-07-2021,140.429993,143.729996,139.529999,142.529999,142.529999,4827200
09-07-2021,143.300003,150.259995,143.300003,149.639999,149.639999,7065100
12-07-2021,148.990005,150.419998,146.009995,146.690002,146.690002,3276300
13-07-2021,147.695007,147.695007,143,143.410004,143.410004,5871500
14-07-2021,143.860001,144.199997,139.039993,139.089996,139.089996,8545500
15-07-2021,139.179993,140.520004,136.539993,137.5,137.5,6576100
16-07-2021,139.690002,139.789993,133.509995,134.309998,134.309998,6094600
19-07-2021,131.360001,133.770004,130.309998,131.880005,131.880005,7215700
20-07-2021,132.75,137.434998,131.699997,136.089996,136.089996,6274600
21-07-2021,136.710007,140.149994,135.725006,139.25,139.25,5269600
22-07-2021,141.289993,141.289993,137.660004,139.470001,139.470001,4628400
23-07-2021,139.800003,140,137.410004,138.729996,138.729996,2811100
26-07-2021,139.130005,142.190002,137.199997,142,142,6489500
27-07-2021,141.255005,142.520004,138.309998,141.580002,141.580002,5113100
28-07-2021,141.309998,143.729996,141.029999,143.300003,143.300003,4466800
29-07-2021,143.645996,145,141.710007,143.470001,143.470001,5005500
30-07-2021,141.75,144.690002,141.740005,144.009995,144.009995,4167100
02-08-2021,143.850006,146.270004,143.399994,145.490005,145.490005,4522400
03-08-2021,147.727997,147.789993,143.279999,145.649994,145.649994,5491000
04-08-2021,145.100006,147.460007,145.009995,147.399994,147.399994,4631400
05-08-2021,146.669998,150.410004,146.399002,150.320007,150.320007,4737500
06-08-2021,148.990005,150.190002,147.550003,149.990005,149.990005,4043500
09-08-2021,148.740005,151,148.699997,149.440002,149.440002,5541900
10-08-2021,149.365005,150.759995,147.850006,147.949997,147.949997,5149800
11-08-2021,147.539993,149.279999,145.158005,148.160004,148.160004,6717700
12-08-2021,148.860001,151.679993,146.550003,151.149994,151.149994,8794100
13-08-2021,146.660004,152.759995,144.509995,152.759995,152.759995,16789100
16-08-2021,151.990005,152.029999,144.899994,148.570007,148.570007,7715200
17-08-2021,145,148.199997,143.580002,143.899994,143.899994,7855100
18-08-2021,144.020004,148.679993,141.699997,146.740005,146.740005,5190100
19-08-2021,143.791,145.279999,141.919998,142.649994,142.649994,4732400
20-08-2021,142,143.949005,141.5,143.699997,143.699997,2996200
23-08-2021,144.899994,147.630005,144.149994,146.789993,146.789993,4727400
24-08-2021,147,161.979996,146.5,161.419998,161.419998,22096800
25-08-2021,158.764008,163.059006,158,160.350006,160.350006,7267700
26-08-2021,159.339996,159.5,151.449997,152.729996,152.729996,7243000
27-08-2021,152.251007,156.440002,151.449997,154.179993,154.179993,4818800
30-08-2021,154.410004,157.490005,151.919998,156.020004,156.020004,3968700
31-08-2021,155.940002,158.149994,153.580002,154.990005,154.990005,7404000
01-09-2021,154.839996,158.639999,154.289993,156.589996,156.589996,4324700
02-09-2021,156.5,159.460007,156.5,157.199997,157.199997,3301000
03-09-2021,158.050003,160.639999,157.199997,158,158,4456400
07-09-2021,159.720001,165.735001,159.550003,165,165,11008800
08-09-2021,163.229996,166.550003,161.600006,163.929993,163.929993,5866500
09-09-2021,163,166.970001,160.830002,166,166,5935800
10-09-2021,166.949997,168.235992,165.009995,165.199997,165.199997,3985300
13-09-2021,160.25,162.990005,154.789993,160.320007,160.320007,7520900
14-09-2021,160.660004,164.699997,159.410004,163.300003,163.300003,4655500
15-09-2021,162.320007,166.630005,160.490005,166.369995,166.369995,5656000
16-09-2021,165.259995,169.449997,165.039993,168.149994,168.149994,6094800
17-09-2021,169.300003,170,163.610001,166.589996,166.589996,20024700
20-09-2021,162.240005,166.539993,159.445007,161.639999,161.639999,6846800
21-09-2021,164,170.009995,162.960007,169.289993,169.289993,8592500
22-09-2021,170.029007,171.809998,167.371002,169.960007,169.960007,4353600
23-09-2021,171.550003,176,170.5,175.130005,175.130005,5370800
24-09-2021,174.529999,176.960007,173.610001,175.880005,175.880005,4084900
27-09-2021,175,176.319,172.020004,174.259995,174.259995,3551400
28-09-2021,172.516006,173.559998,166.899994,168.580002,168.580002,4362800
29-09-2021,170.100006,171.220993,166.550003,168.070007,168.070007,2788700
30-09-2021,168.100006,169.5,165.710007,167.75,167.75,2662500
01-10-2021,170.309998,173.199997,168.550003,173.009995,173.009995,4963000
04-10-2021,171.990005,172.259995,164.029999,164.5,164.5,4459400
05-10-2021,165.669998,166.589996,162.429993,164.740005,164.740005,4340100
06-10-2021,161.389999,167.320007,160.630005,167.25,167.25,2461500
07-10-2021,170,171.270004,168.600006,169.600006,169.600006,2119600
08-10-2021,170.100006,174.100006,169.479996,169.970001,169.970001,2265100
11-10-2021,170,171.539993,166.630005,166.669998,166.669998,2046300
12-10-2021,172.694,175.899994,171.229996,172.75,172.75,6028100
13-10-2021,173,175.190002,171.800003,173.580002,173.580002,3521900
14-10-2021,175.240005,176.75,170.039993,170.5,170.5,4139400
15-10-2021,171.899994,172.949997,168.580002,169.179993,169.179993,3592700
18-10-2021,167.5,172.699997,167.110001,172.320007,172.320007,2793700
19-10-2021,172.570007,172.809998,170.059998,170.740005,170.740005,2776600
20-10-2021,170.059998,171.940002,168.199997,169.759995,169.759995,2687000
21-10-2021,169.074005,171.529999,167.699997,170.5,170.5,2889400
22-10-2021,169.300003,169.440002,165.160004,166.639999,166.639999,2986000
25-10-2021,166.690002,170.328995,166.649994,169.240005,169.240005,2620800
26-10-2021,170.399994,172,167.899994,171.139999,171.139999,2937900
27-10-2021,170.740005,172.649994,168.880005,169.100006,169.100006,3009800
28-10-2021,170.199997,171.850006,168.710007,171.699997,171.699997,2143700
29-10-2021,171.389999,171.389999,168.848999,170.660004,170.660004,2294400
01-11-2021,170.5,175.440002,170.5,174.600006,174.600006,4401100
02-11-2021,174.949997,175.300003,170.580002,172.869995,172.869995,3292100
03-11-2021,171.889999,173.75,170.929993,172.869995,172.869995,2827100
04-11-2021,175.949997,179.434998,173.960007,178.449997,178.449997,9664600
05-11-2021,186.149994,203.294998,185.944,201.619995,201.619995,27330500
08-11-2021,203.350006,211.335999,199.75,200.320007,200.320007,12855300
09-11-2021,201.440002,201.5,187.5,194.679993,194.679993,9056100
10-11-2021,190.229996,195,189.279999,192.220001,192.220001,6704100
11-11-2021,195.199997,197.929993,190.770004,191.610001,191.610001,5899000
12-11-2021,192.464996,208.160004,192.059998,206.539993,206.539993,12057800
15-11-2021,206.199997,209.240005,204.160004,207.210007,207.210007,7479300
16-11-2021,205.589996,209.929993,203.470001,207.039993,207.039993,4431300
17-11-2021,207,212.584,198.399994,199.110001,199.110001,6383400
18-11-2021,199.339996,205,196,204.330002,204.330002,4597700
19-11-2021,196.600006,199.360001,190.5,196.419998,196.419998,8181900
22-11-2021,190.440002,190.759995,176.720001,181.729996,181.729996,12619800
23-11-2021,181.143005,183.729996,175.25,178.270004,178.270004,6451900
24-11-2021,175.630005,182.779999,175,179.889999,179.889999,4763300
26-11-2021,167.759995,174.639999,167.039993,173.860001,173.860001,6044100
29-11-2021,176.880005,180.699997,175.899994,180.080002,180.080002,5317400
30-11-2021,176.404999,180.639999,170.921005,172.539993,172.539993,10682700
01-12-2021,174.009995,180.130005,162.029999,163.080002,163.080002,7645700
02-12-2021,161.360001,170.294998,160.490005,169.600006,169.600006,5687600
03-12-2021,168.979996,170.729996,162.139999,166.75,166.75,6460900
06-12-2021,167.274994,181.929993,162.850006,180.850006,180.850006,9813800
07-12-2021,185.610001,187.5,182.020004,183.139999,183.139999,6264600
08-12-2021,186,187.5,182.139999,186.490005,186.490005,4218700
09-12-2021,182.089996,185.302002,179.279999,181.460007,181.460007,3518000
10-12-2021,178.149994,181.100006,175.854004,180.419998,180.419998,3980400
13-12-2021,178.25,180,168.889999,171.039993,171.039993,7263700
14-12-2021,168.298004,169.910004,164.5,167.960007,167.960007,5660400
15-12-2021,167.639999,168.960007,160.179993,168.139999,168.139999,6678500
16-12-2021,166.25,167.729996,153.600006,156.380005,156.380005,9415100
17-12-2021,154.619995,158.309998,149.440002,157.910004,157.910004,24062400
20-12-2021,151.160004,158.479996,151,157.229996,157.229996,4639300
21-12-2021,159.5,167.274994,158.369995,165.660004,165.660004,6293500
22-12-2021,165.679993,170.679993,162.800003,169.289993,169.289993,4802500
23-12-2021,170.5,171.990005,166.889999,171.309998,171.309998,4017400
27-12-2021,169.806,172.429993,168.779999,171.679993,171.679993,2725200
28-12-2021,171.320007,172.729996,167.729996,169.710007,169.710007,2292600
29-12-2021,169.520004,170.479996,165.020004,167.440002,167.440002,1995400
30-12-2021,167.059998,170.850006,165.710007,168.779999,168.779999,2181100
31-12-2021,168.779999,170.869995,166.080002,166.490005,166.490005,2596000
03-01-2022,165.296997,172.839996,165.220001,172.679993,172.679993,4224900
04-01-2022,174.154007,175.899994,167.199997,170.800003,170.800003,4080000
05-01-2022,169.882996,175.106995,162.240005,162.25,162.25,4804600
06-01-2022,160.289993,163.729996,156.339996,159.75,159.75,5049600
07-01-2022,159.179993,166.880005,158.455002,166.050003,166.050003,5624600
10-01-2022,159.759995,161.699997,152.100006,160.710007,160.710007,6973600
11-01-2022,160.710007,169.389999,159.078003,168.610001,168.610001,5331600
12-01-2022,170.240005,171.039993,165.110001,169.539993,169.539993,3534300
13-01-2022,170.233002,171.990005,165.764999,166,166,4893800
14-01-2022,165.75,167.630005,160.240005,163.990005,163.990005,4144000
18-01-2022,156.910004,160.789993,153.869995,154.690002,154.690002,5775400
19-01-2022,157,160.229996,154.440002,154.580002,154.580002,5127400
20-01-2022,157.807999,165.199997,157.350006,158,158,4941900
21-01-2022,156.815002,160.199997,152.410004,156.729996,156.729996,7242300
24-01-2022,150,151.160004,135.759995,147.899994,147.899994,14606600
25-01-2022,143.899994,147.380005,140.130005,144.559998,144.559998,5704900
26-01-2022,149.285004,152.399994,140.041,142.139999,142.139999,6990300
27-01-2022,143.479996,145.548004,137.919998,138.410004,138.410004,4493800
28-01-2022,138.544998,143.110001,134.373993,142.770004,142.770004,5604400
31-01-2022,144.802994,153.970001,143.809998,153.970001,153.970001,5463000
01-02-2022,155.350006,157.389999,152.5,156.940002,156.940002,3799300
02-02-2022,156.313004,156.509995,150.712006,151.759995,151.759995,3678300
03-02-2022,147.970001,152.179993,146.679993,149.570007,149.570007,4577100
04-02-2022,150.139999,157.240005,150,155.559998,155.559998,4687700
07-02-2022,156.789993,160.880005,155.949997,157.910004,157.910004,4690700
08-02-2022,154,163.078995,153.440002,162.259995,162.259995,4309100
09-02-2022,165.369995,170.070007,165.080002,169.529999,169.529999,4868300
10-02-2022,165.244995,177.059998,165.244995,171.949997,171.949997,8261400
11-02-2022,175.309006,176.740005,164.830002,166.529999,166.529999,6464400
14-02-2022,166.630005,171.800003,165.029999,169.660004,169.660004,4847600
15-02-2022,172.919998,180.632004,172.75,180.070007,180.070007,11733900
16-02-2022,178.294998,191.729996,178,186.639999,186.639999,22252900
17-02-2022,184.899994,188.979996,181.539993,183.600006,183.600006,7779200
18-02-2022,180.259995,182.660004,173.619995,174.899994,174.899994,8848800
22-02-2022,172.130005,176.380005,161.320007,165.240005,165.240005,8392600
23-02-2022,165.929993,166.654999,149.850006,150.039993,150.039993,9778500
24-02-2022,141.300003,158.960007,141.179993,158.259995,158.259995,10354600
25-02-2022,159.259995,159.449997,152.910004,155.089996,155.089996,6173200
28-02-2022,155.024994,155.095993,148.300003,151.490005,151.490005,11078500
01-03-2022,150.529999,154.220001,149.949997,151.009995,151.009995,5165800
02-03-2022,152.479996,158.080002,151.889999,157.529999,157.529999,5028300
03-03-2022,158.330002,159.220001,150.990005,151.690002,151.690002,4045800
04-03-2022,150.770004,151.889999,140.460007,142.699997,142.699997,8390800
07-03-2022,145,145.270004,131.520004,131.589996,131.589996,9177300
08-03-2022,131.630005,144.470001,131.5,142.130005,142.130005,9587000
09-03-2022,145.429993,150.990005,145.330002,148.309998,148.309998,7023900
10-03-2022,145.220001,152.889999,144.408997,151.800003,151.800003,5302500
11-03-2022,154.130005,155,145,145.139999,145.139999,4577300
14-03-2022,143.410004,144.669998,136.039993,138.5,138.5,6330200
15-03-2022,140,144.729996,138.320007,143.949997,143.949997,5488700
16-03-2022,148.145004,156.979996,146.309998,155.75,155.75,7105400
17-03-2022,153.789993,157.600006,151.050003,157.550003,157.550003,5031700
18-03-2022,156.070007,167.179993,155.699997,167,167,8467500
21-03-2022,164.570007,165.949997,159,161.800003,161.800003,4584400
22-03-2022,163.610001,168.175003,162,166.440002,166.440002,4099900
23-03-2022,163.639999,166.889999,162.880005,164.160004,164.160004,2814300
24-03-2022,164.809998,171,162.667999,170.830002,170.830002,4223500
25-03-2022,169.940002,170.610001,164.134003,167.220001,167.220001,2952300
28-03-2022,167.220001,168.718994,162.429993,167.649994,167.649994,3829800
29-03-2022,172.110001,178.880005,171.809998,175.520004,175.520004,5452800
30-03-2022,173.130997,176.820007,172.020004,173.630005,173.630005,3707400
31-03-2022,173.539993,176.149994,171.164001,171.759995,171.759995,3232200
01-04-2022,173.059998,177.940002,172.229996,173.070007,173.070007,3644900
04-04-2022,175.020004,177.020004,172.585007,177.020004,177.020004,3495700
05-04-2022,177.190002,179.089996,170.119995,171.210007,171.210007,4065000
06-04-2022,167.050003,168.770004,161.580002,164.660004,164.660004,4287700
07-04-2022,163.190002,167.860001,161.710007,165.910004,165.910004,4146600
08-04-2022,162.520004,164.899994,159.350006,162.559998,162.559998,3448400
11-04-2022,159.839996,163.570007,157.410004,160.25,160.25,3877200
12-04-2022,163.699997,166.110001,157.279999,160.110001,160.110001,4113000
13-04-2022,160.839996,172.960007,160.649994,171.850006,171.850006,7211900
14-04-2022,171.660004,174.639999,170.294998,170.699997,170.699997,5125100
18-04-2022,169.270004,170.119995,164.350006,165.740005,165.740005,3339900
19-04-2022,165.740005,170.820007,165.710007,170.119995,170.119995,2857100
20-04-2022,172.610001,172.610001,164.309998,164.550003,164.550003,3997900
21-04-2022,168.979996,170.929993,156.679993,157.910004,157.910004,4714600
22-04-2022,157.839996,161.669998,154.779999,156.089996,156.089996,3863400
25-04-2022,154.330002,159.789993,152.100006,158.389999,158.389999,3868100
26-04-2022,158.399994,159.199997,152.800003,153.039993,153.039993,4075000
27-04-2022,153.820007,157.300003,150.440002,152.229996,152.229996,4826000
28-04-2022,154.009995,161.255005,153.660004,159.740005,159.740005,4854500
29-04-2022,158.880005,163.240005,153,153.210007,153.210007,4033100
02-05-2022,153.210007,155.130005,147.210999,152.779999,152.779999,5945300
03-05-2022,154.089996,154.490005,141.580002,145,145,16774700
04-05-2022,152.550003,158.740005,145.871994,156.179993,156.179993,20598100
05-05-2022,152.190002,153.880005,140.858002,143.089996,143.089996,11367200
06-05-2022,142.699997,143.110001,133.039993,135.839996,135.839996,9573100
09-05-2022,131.759995,131.884995,118.830002,119.370003,119.370003,14430900
10-05-2022,122.949997,123.459999,113.529999,116.129997,116.129997,13638500
11-05-2022,114.529999,123.769997,112.366997,116.150002,116.150002,13661400
12-05-2022,113.660004,120.489998,111.220001,115.940002,115.940002,9264300
13-05-2022,119.959999,123.290001,118.82,121.449997,121.449997,8595400
16-05-2022,121,121.07,113.25,114.440002,114.440002,7588400
17-05-2022,119.970001,120.18,114.510002,117.5,117.5,6962900
18-05-2022,116.110001,117.040001,107.620003,108.029999,108.029999,9718700
19-05-2022,108.18,116.349998,107.449997,114.169998,114.169998,8926600
20-05-2022,115.459999,116.25,108.5,112.550003,112.550003,6961900
23-05-2022,113.544998,115.150002,110.93,113.279999,113.279999,6000800
24-05-2022,111.279999,111.419998,103.740997,106.239998,106.239998,6415800
25-05-2022,105.889999,111.940002,104.970001,110.400002,110.400002,6203300
26-05-2022,109.739998,115.550003,108.110001,114.300003,114.300003,6883200
27-05-2022,116,120.699997,115.769997,120.5,120.5,7391500
31-05-2022,120.5,122.299004,117.160004,120.870003,120.870003,9117600
01-06-2022,121.050003,121.073997,114.394997,116.720001,116.720001,6879600
02-06-2022,117.129997,123,116.269997,121.260002,121.260002,5166200
03-06-2022,118.070999,121.5,117.559998,119.830002,119.830002,4584600
06-06-2022,123.330002,124.18,119.919998,122.019997,122.019997,4160200
07-06-2022,119.760002,123.912003,119.120003,122.900002,122.900002,3331200
08-06-2022,121.43,125.510002,121.230003,123.769997,123.769997,3775600
09-06-2022,122.309998,122.980003,115.419998,115.720001,115.720001,5315900
10-06-2022,111.800003,115.129997,108.32,108.910004,108.910004,6936900
13-06-2022,102.849998,105.330002,98.360001,98.93,98.93,9587300
14-06-2022,99.540001,101.349998,97.200996,98.870003,98.870003,5915300
15-06-2022,100.019997,103.650002,98.919998,101.470001,101.470001,6260400
16-06-2022,96.190002,97.5,92.089996,93.260002,93.260002,9435700
17-06-2022,93.529999,100.610001,93.529999,99.489998,99.489998,11293100
21-06-2022,102.690002,104.889,101.620003,102.269997,102.269997,6532700
22-06-2022,99,102.5,98.720001,99.529999,99.529999,8986000
23-06-2022,100,100.800003,93.019997,95.720001,95.720001,12340800
24-06-2022,97.519997,104.18,96.330002,103.510002,103.510002,28797400
27-06-2022,103.959999,104.169998,99.330002,101.5,101.5,7352100
28-06-2022,103.339996,105.449997,97.089996,97.529999,97.529999,7744100
29-06-2022,96.830002,97,92.050003,93.93,93.93,6522600
30-06-2022,92.489998,92.910004,86.709999,89.080002,89.080002,9007800
01-07-2022,89.089996,91.459999,87.43,91.410004,91.410004,5995400
05-07-2022,88.879997,96.010002,86.75,95.940002,95.940002,7648500
06-07-2022,95.290001,96.169998,91.800003,92.879997,92.879997,5703000
07-07-2022,93.660004,97.550003,92.160004,97.5,97.5,7480500
08-07-2022,96.230003,98.120003,93.241997,97.349998,97.349998,5669500
11-07-2022,96,97.089996,93.269997,95.099998,95.099998,6041400
12-07-2022,95.300003,97.685997,93.32,96.550003,96.550003,4170200
13-07-2022,93.75,96.588997,91.610001,95.639999,95.639999,6967800
14-07-2022,94.279999,94.580002,90.169998,91.050003,91.050003,8334600
15-07-2022,92.550003,95.650002,90.660004,94.660004,94.660004,7497200
18-07-2022,96.779999,101.879997,95.980003,97.669998,97.669998,7171500
19-07-2022,99.699997,102.709999,98.760002,102.199997,102.199997,5603800
20-07-2022,103.110001,108.919998,102.75,107.730003,107.730003,6834100
21-07-2022,106.980003,108.5,104.410004,108.139999,108.139999,4284900
22-07-2022,108.309998,110.099998,102.93,103.970001,103.970001,4243900
25-07-2022,103.779999,105.260002,101.478996,104.949997,104.949997,3142900
26-07-2022,102.379997,103.629997,101.099998,101.910004,101.910004,4191000
27-07-2022,105.790001,107.985001,104.059998,107.360001,107.360001,5362700
28-07-2022,108.169998,110.059998,104.68,108.839996,108.839996,4471900
29-07-2022,108.195,111.160004,107.110001,110.980003,110.980003,4637800
01-08-2022,110,113.959999,107.480003,111.199997,111.199997,6019500
02-08-2022,111.669998,117.779999,111.099998,116.339996,116.339996,15208200
03-08-2022,108.224998,115.57,107.650002,115.019997,115.019997,23354900
04-08-2022,114.309998,119.239998,114.254997,119.220001,119.220001,9180300
05-08-2022,115.519997,118.870003,114.82,117.110001,117.110001,6495000
08-08-2022,118.154999,119.639999,115.43,115.82,115.82,5382900
09-08-2022,115,115.669998,112.800003,114.440002,114.440002,4201200
10-08-2022,119.330002,120.339996,116.300003,118.730003,118.730003,5529000
11-08-2022,121.300003,127.089996,120.959999,121.5,121.5,8110100
12-08-2022,122.800003,125,121.120003,124.510002,124.510002,5012500
15-08-2022,123.550003,126.434998,123.199997,126.040001,126.040001,4884700
16-08-2022,124.230003,125.419998,122.620003,124.18,124.18,4370700
17-08-2022,121.629997,123.269997,120.639999,121.870003,121.870003,4336200
18-08-2022,121.5,122.199997,120.279999,121.269997,121.269997,3373900
19-08-2022,118.184998,119.220001,114.099998,114.760002,114.760002,5288800
22-08-2022,110.360001,114.227997,109.970001,111.389999,111.389999,6057400
23-08-2022,112.410004,114.019997,111.410004,111.599998,111.599998,5447200
24-08-2022,110.93,115.57,110.839996,114.510002,114.510002,3634000
25-08-2022,115.889999,117.949997,115.419998,117.029999,117.029999,4021600
26-08-2022,117.059998,118.269997,112.779999,112.82,112.82,3778700
29-08-2022,111.769997,115.800003,111.529999,113.540001,113.540001,4620600
30-08-2022,114.5,116.019997,110.440002,112.559998,112.559998,4507200
31-08-2022,113.489998,115.580002,112.400002,113.120003,113.120003,6191600
01-09-2022,111.099998,114.080002,108.169998,113.400002,113.400002,5661500
02-09-2022,114.32,116.459999,112.330002,113.639999,113.639999,4118500
06-09-2022,114.089996,114.519997,110.5,113.699997,113.699997,4067100
07-09-2022,112.849998,116.440002,112.709999,116.07,116.07,4619300
08-09-2022,114,119.347,114,118.580002,118.580002,4064000
09-09-2022,120.017998,123.709999,119.900002,123.480003,123.480003,5413300
12-09-2022,124.25,127.239998,123.785004,124.790001,124.790001,6993300
13-09-2022,119.699997,123.860001,119.050003,121.540001,121.540001,7126500
14-09-2022,121.629997,127,119.510002,126.800003,126.800003,5690100
15-09-2022,125.290001,129.380005,124.279999,125.040001,125.040001,6606100
16-09-2022,121.110001,122.260002,117.589996,118.75,118.75,13700500
19-09-2022,116.870003,119.779999,116.470001,118.779999,118.779999,4715400
20-09-2022,117.93,121.660004,116.620003,116.709999,116.709999,5610900
21-09-2022,116.370003,119.330002,112.360001,114.010002,114.010002,6898700
22-09-2022,112.669998,113.720001,103.260002,103.720001,103.720001,8399400
23-09-2022,102.199997,103.18,99.709999,101.75,101.75,6241800
26-09-2022,101.779999,105.360001,101.559998,103.230003,103.230003,5278800
27-09-2022,106.040001,108.169998,104.139999,106.370003,106.370003,5081000
28-09-2022,106.700996,111.129997,105.779999,110.690002,110.690002,4518200
29-09-2022,109.190002,109.474998,105.169998,106.660004,106.660004,4259500
30-09-2022,104.760002,109.080002,104.730003,105.040001,105.040001,4747800
